<?xml version="1.0" encoding="utf-8"?>
<TopologyInfo xmlns:xsd="http://www.w3.org/2001/XMLSchema" xmlns:xsi="http://www.w3.org/2001/XMLSchema-instance">
  <Details Name="AzureEY" Alias="AzureEY" Driver="Python Setup &amp; Teardown" SetupDuration="10" TeardownDuration="10" Public="false" DefaultDuration="120">
    <Description>Blueprint with preconfigured setup &amp; teardown processes.Deploys Apps and resolves connections on Setup, and deletes App VMs on Teardown</Description>
    <Categories />
    <Scripts>
      <Script Name="Default Sandbox Setup 2.0" />
      <Script Name="Default Sandbox Teardown 2.0" />
    </Scripts>
    <Diagram Zoom="1.05" NodeSize="Medium" />
  </Details>
  <Resources>
    <Resource PositionX="555.61904761904759" PositionY="129.52380952380952" Name="AzureCloudProvider" Shared="true" />
  </Resources>
  <Apps>
    <App PositionX="796.19047619047615" PositionY="138.0952380952381" TemplateName="AzureFromMarket">
      <AppResourceInfo Name="AzureFromMarket">
        <AppResources>
          <AppResource ModelName="Generic App Model" Driver="">
            <Attributes>
              <Attribute Name="Password" Value="ifiS2M3bCGd4sVaS1Tvhxg==" />
              <Attribute Name="Public IP" Value="" />
              <Attribute Name="User" Value="gilg" />
            </Attributes>
          </AppResource>
        </AppResources>
        <ConfigurationManagement>
          <CustomScript ConnectionMethod="WinRM">
            <Repository Url="https://raw.githubusercontent.com/QualiSystems/EyScriptsDemo/master/main.ps1" UserName="gilgald" Password="uKO5UydBNEkCzmGC0sHyJQ==" />
            <Parameters>
              <Parameter Name="qsscript1_url" Value="https://raw.githubusercontent.com/QualiSystems/EyScriptsDemo/master/downloadme1.txt" />
              <Parameter Name="qsscript2_url" Value="https://raw.githubusercontent.com/QualiSystems/EyScriptsDemo/master/downloadme2.txt" />
              <Parameter Name="qsscript3_url" Value="https://raw.githubusercontent.com/QualiSystems/EyScriptsDemo/master/downloadme3.txt" />
              <Parameter Name="qsscript_count" Value="3" />
            </Parameters>
          </CustomScript>
        </ConfigurationManagement>
        <DeploymentPaths>
          <DeploymentPath Name="Azure VM Win2016" Default="true">
            <DeploymentService Name="Azure VM From Marketplace" CloudProvider="AzureCloudProvider">
              <Attributes>
                <Attribute Name="VM Size" Value="" />
                <Attribute Name="Autoload" Value="True" />
                <Attribute Name="Add Public IP" Value="True" />
                <Attribute Name="Extension Script file" Value="https://raw.githubusercontent.com/QualiSystemsLab/SCA_POC_Pub/master/ExtensionScriptWithFileShare.ps1" />
                <Attribute Name="Extension Script Configurations" Value="" />
                <Attribute Name="Extension Script Timeout" Value="1200" />
                <Attribute Name="Public IP Type" Value="Dynamic" />
                <Attribute Name="Inbound Ports" Value="3389;5985;5986" />
                <Attribute Name="Image Publisher" Value="MicrosoftWindowsServer" />
                <Attribute Name="Image Offer" Value="WindowsServer" />
                <Attribute Name="Image SKU" Value="2016-Datacenter" />
                <Attribute Name="Image Version" Value="latest" />
                <Attribute Name="Disk Type" Value="HDD" />
              </Attributes>
            </DeploymentService>
          </DeploymentPath>
        </DeploymentPaths>
      </AppResourceInfo>
    </App>
  </Apps>
</TopologyInfo>