<?xml version="1.0" encoding="utf-8"?>
<ResourceInfo xmlns:xsd="http://www.w3.org/2001/XMLSchema" xmlns:xsi="http://www.w3.org/2001/XMLSchema-instance" Name="AzureCloudProvider" FolderFullPath="" Address="0.0.0.0" ModelName="Microsoft Azure" Driver="Azure Shell Driver" xmlns="http://schemas.qualisystems.com/ResourceManagement/ResourceSchema.xsd">
  <Attributes>
    <Attribute Name="Region" Value="westeurope" />
    <Attribute Name="VM Size" Value="Standard_A0" />
    <Attribute Name="Networks In Use" Value="10.0.2.0/24,10.0.3.0/24,10.0.4.0/24" />
    <Attribute Name="Azure Subscription ID" Value="4455e4ef-c725-4119-885f-fd837d9629cc" />
    <Attribute Name="Azure Tenant ID" Value="55c138f8-776c-40c1-979e-9b3f9491d559" />
    <Attribute Name="Azure Application Key" Value="lCaaxO8fnkOHxeiJ/1EALwOobZdRbIa3hdYmc1YypGmyHib/OiJbYdJbox2gRhus" />
    <Attribute Name="Azure Application ID" Value="0266f21d-fc2e-4c9d-81f5-1d49af11d647" />
    <Attribute Name="Management Group Name" Value="CloudFormationFor82" />
    <Attribute Name="Execution Server Selector" Value="" />
    <Attribute Name="Additional Mgmt Networks" Value="" />
  </Attributes>
  <ChildResources />
  <Connections />
</ResourceInfo>