<?xml version="1.0" encoding="utf-8"?>
<DataModelInfo xmlns:xsd="http://www.w3.org/2001/XMLSchema" xmlns:xsi="http://www.w3.org/2001/XMLSchema-instance" xmlns="http://schemas.qualisystems.com/ResourceManagement/DataModelSchema.xsd">
  <Attributes>
    <AttributeInfo Name="Password" Type="Password" DefaultValue="3M3u7nkDzxWb0aJ/IZYeWw==" Description="" IsReadOnly="false">
      <Rules>
        <Rule Name="Configuration" />
      </Rules>
    </AttributeInfo>
    <AttributeInfo Name="User" Type="String" DefaultValue="" Description="" IsReadOnly="false">
      <Rules>
        <Rule Name="Configuration" />
      </Rules>
    </AttributeInfo>
    <AttributeInfo Name="Public IP" Type="String" DefaultValue="" Description="" IsReadOnly="false">
      <Rules>
        <Rule Name="Configuration" />
        <Rule Name="Setting" />
      </Rules>
    </AttributeInfo>
  </Attributes>
  <ResourceFamilies>
    <ResourceFamily Name="Generic App Family" IsLockedByDefault="true" Description="" IsSearchable="true" ResourceType="Application" AllowRemoteConnection="true">
      <AttachedAttributes />
      <AttributeValues />
      <Models>
        <ResourceModel Name="Generic App Model" Description="" SupportsConcurrentCommands="false">
          <AttachedAttributes>
            <AttachedAttribute Name="Password" IsOverridable="true" IsLocal="true">
              <AllowedValues />
            </AttachedAttribute>
            <AttachedAttribute Name="User" IsOverridable="true" IsLocal="true">
              <AllowedValues />
            </AttachedAttribute>
            <AttachedAttribute Name="Public IP" IsOverridable="true" IsLocal="true">
              <AllowedValues />
            </AttachedAttribute>
          </AttachedAttributes>
          <AttributeValues>
            <AttributeValue Name="Password" Value="3M3u7nkDzxWb0aJ/IZYeWw==" />
            <AttributeValue Name="User" Value="" />
            <AttributeValue Name="Public IP" Value="" />
          </AttributeValues>
          <ParentModels />
          <Drivers />
          <Scripts />
        </ResourceModel>
      </Models>
      <Categories />
    </ResourceFamily>
    <ResourceFamily Name="Apps Orchestration" Description="" IsService="true" ServiceType="Orchestration" AllowRemoteConnection="false">
      <AttachedAttributes />
      <AttributeValues />
      <Models>
        <ResourceModel Name="Simple" Description="" SupportsConcurrentCommands="false">
          <AttachedAttributes />
          <AttributeValues />
          <ParentModels />
          <Drivers>
            <DriverName>Deployment Orchestrator</DriverName>
          </Drivers>
          <Scripts />
        </ResourceModel>
      </Models>
      <Categories />
    </ResourceFamily>
  </ResourceFamilies>
  <DriverDescriptors>
    <DriverDescriptor Name="Deployment Orchestrator" Description="Deploy App" DriverType="PythonDriver" />
    <DriverDescriptor Name="Python Setup &amp; Teardown" Description="This driver is used for running Python scripts in the environment setup and teardown. To use this driver, make sure you select a suitable setup and/or teardown script." DriverType="TestShellDriver" />
  </DriverDescriptors>
  <ScriptDescriptors>
    <ScriptDescriptor Name="Default Sandbox Teardown 2.0" CategoryName="Hidden Commands" Version="1.3.0.37 " Alias="Teardown script">
      <ScriptInputs />
    </ScriptDescriptor>
    <ScriptDescriptor Name="Default Sandbox Setup 2.0" CategoryName="Hidden Commands" Version="1.3.0.37 " Alias="Setup script">
      <ScriptInputs />
    </ScriptDescriptor>
  </ScriptDescriptors>
</DataModelInfo>