<?xml version="1.0" encoding="utf-8"?>
<AppTemplateInfo xmlns:xsd="http://www.w3.org/2001/XMLSchema" xmlns:xsi="http://www.w3.org/2001/XMLSchema-instance">
  <AppResourceInfo Name="AzureFromMarket">
    <AppResources>
      <AppResource ModelName="Generic App Model" Driver="">
        <Attributes>
          <Attribute Name="Password" Value="ifiS2M3bCGd4sVaS1Tvhxg==" />
          <Attribute Name="Public IP" Value="" />
          <Attribute Name="User" Value="gilg" />
        </Attributes>
      </AppResource>
    </AppResources>
    <ConfigurationManagement>
      <CustomScript ConnectionMethod="WinRM">
        <Repository Url="https://raw.githubusercontent.com/QualiSystems/EyScriptsDemo/master/main.ps1" UserName="gilgald" Password="ifiS2M3bCGd4sVaS1Tvhxg==" />
        <Parameters>
          <Parameter Name="qsscript1_url" Value="https://raw.githubusercontent.com/QualiSystems/EyScriptsDemo/master/downloadme1.txt" />
          <Parameter Name="qsscript2_url" Value="https://raw.githubusercontent.com/QualiSystems/EyScriptsDemo/master/downloadme2.txt" />
          <Parameter Name="qsscript3_url" Value="https://raw.githubusercontent.com/QualiSystems/EyScriptsDemo/master/downloadme3.txt" />
          <Parameter Name="qsscript_count" Value="3" />
        </Parameters>
      </CustomScript>
    </ConfigurationManagement>
    <DeploymentPaths>
      <DeploymentPath Name="Azure VM Win2016" Default="false">
        <DeploymentService Name="Azure VM From Marketplace" CloudProvider="AzureCloudProvider">
          <Attributes>
            <Attribute Name="VM Size" Value="" />
            <Attribute Name="Autoload" Value="True" />
            <Attribute Name="Add Public IP" Value="True" />
            <Attribute Name="Extension Script file" Value="https://raw.githubusercontent.com/QualiSystemsLab/SCA_POC_Pub/master/ExtensionScriptWithFileShare.ps1" />
            <Attribute Name="Extension Script Configurations" Value="" />
            <Attribute Name="Extension Script Timeout" Value="1200" />
            <Attribute Name="Public IP Type" Value="Dynamic" />
            <Attribute Name="Inbound Ports" Value="3389,5985" />
            <Attribute Name="Image Publisher" Value="MicrosoftWindowsServer" />
            <Attribute Name="Image Offer" Value="WindowsServer" />
            <Attribute Name="Image SKU" Value="2016-Datacenter" />
            <Attribute Name="Image Version" Value="latest" />
            <Attribute Name="Disk Type" Value="HDD" />
          </Attributes>
        </DeploymentService>
      </DeploymentPath>
    </DeploymentPaths>
  </AppResourceInfo>
  <Categories>
    <Category>Applications</Category>
  </Categories>
</AppTemplateInfo>