<?xml version="1.0" encoding="utf-8"?>
<TopologyInfo xmlns:xsd="http://www.w3.org/2001/XMLSchema" xmlns:xsi="http://www.w3.org/2001/XMLSchema-instance">
  <Details Name="AzureEY" Alias="AzureEY" Driver="Python Setup &amp; Teardown" SetupDuration="10" TeardownDuration="10" Public="false" DefaultDuration="120">
    <Description>Blueprint with preconfigured setup &amp; teardown processes.Deploys Apps and resolves connections on Setup, and deletes App VMs on Teardown</Description>
    <Categories />
    <Scripts>
      <Script Name="Default Sandbox Teardown 2.0" />
      <Script Name="Default Sandbox Setup 2.0" />
    </Scripts>
    <Diagram Zoom="1.05" NodeSize="Medium" />
  </Details>
  <Resources>
    <Resource PositionX="193" PositionY="159" Name="AzureCloudProvider" Shared="true" />
  </Resources>
  <Apps>
    <App PositionX="425" PositionY="159" TemplateName="AzureFromMarket">
      <AppResourceInfo Name="AzureFromMarket">
        <AppResources>
          <AppResource ModelName="Generic App Model" Driver="">
            <Attributes>
              <Attribute Name="Password" Value="3M3u7nkDzxWb0aJ/IZYeWw==" />
              <Attribute Name="Public IP" Value="" />
              <Attribute Name="User" Value="" />
            </Attributes>
          </AppResource>
        </AppResources>
        <DeploymentPaths>
          <DeploymentPath Name="Azure VM Win2016" Default="true">
            <DeploymentService Name="Azure VM From Marketplace" CloudProvider="AzureCloudProvider">
              <Attributes>
                <Attribute Name="VM Size" Value="" />
                <Attribute Name="Autoload" Value="True" />
                <Attribute Name="Add Public IP" Value="False" />
                <Attribute Name="Extension Script file" Value="" />
                <Attribute Name="Extension Script Configurations" Value="" />
                <Attribute Name="Extension Script Timeout" Value="1200" />
                <Attribute Name="Public IP Type" Value="Dynamic" />
                <Attribute Name="Inbound Ports" Value="" />
                <Attribute Name="Image Publisher" Value="MicrosoftWindowsServer" />
                <Attribute Name="Image Offer" Value="WindowsServer" />
                <Attribute Name="Image SKU" Value="2016-Datacenter" />
                <Attribute Name="Image Version" Value="latest" />
                <Attribute Name="Disk Type" Value="HDD" />
              </Attributes>
            </DeploymentService>
          </DeploymentPath>
        </DeploymentPaths>
      </AppResourceInfo>
    </App>
  </Apps>
</TopologyInfo>